{"listing_id": "115678", "reviewer_id": "14825857", "text": "logement propre, spacieux et assez calme pour le c\u00f4t\u00e9 positif. \r\nLe c\u00f4t\u00e9 n\u00e9gatif : pas d'accueil, nous n'avons vu personne durant notre s\u00e9jour d'une semaine, \u00e0 notre arriv\u00e9e tardive, nous avons d\u00fb chercher les clefs que nous avons trouv\u00e9s avec du mal. Nous avions froid et avions r\u00e9clam\u00e9 des couvertures par un petit mot plac\u00e9 \u00e0 l'entr\u00e9e, nous avons retrouv\u00e9 les couvertures le soir \u00e0 la porte de l'appartement. Nous avons d\u00fb frapper au rez de chauss\u00e9e de l'appartement pour conna\u00eetre les modalit\u00e9s de d\u00e9part, une dame nous a r\u00e9pondu. Nous d\u00e9plorons ce manque de contact car nous avons l'habitude de ce genre de location car nous m\u00eame nous recevons aussi chez nous des h\u00f4tes et il n'est pas concevable pour nous de ne pas recevoir nous m\u00eames nos h\u00f4tes et de ne pas leur indiquer les bons tuyaux de notre r\u00e9gion. L'appartement est aussi mal isol\u00e9, il peut faire froid l'hiver car il y a des prises d'air aux fen\u00eatres, \u00e0 la t\u00eate de notre lit nous avions un courant d'air froid.(nous avions 14\u00b0 dans l'appartement) La d\u00e9coration est vieillotte; pr\u00e9voir des tables de nuits et des lampes aussi serait bien dans les chambres. Nous avons \u00e9t\u00e9 d\u00e9\u00e7u des prestations de cette location que nous ne recommanderons pas \u00e0 nos amis. ", "reviewer_name": "Brigitte", "listing_longitude": "-73.9409468848735", "host_name": "Will", "listing_name": "Your Stunning Vacation Apartment!", "date": "2015-10-04", "host_id": "127772", "id_field": "49422032", "listing_latitude": "40.818218466557525"}