{"listing_id": "7095125", "reviewer_id": "36205569", "text": "Candy was a wonderful host! She recommended awesome places to eat and sight see and it was so interesting exchanging conversations and learning about each other's cultures and experiences. The neighbourhood is friendly, a walk away from Soho, Little Italty, China Town and convenience to subway and bus routes. ", "reviewer_name": "Cindy", "listing_longitude": "-73.99241186363034", "host_name": "Candy", "listing_name": "Location Clean Large w Queen Bed", "date": "2015-09-25", "host_id": "36656552", "id_field": "48279960", "listing_latitude": "40.71892051069551"}