{"listing_id": "1148279", "reviewer_id": "50321955", "text": "I was so excited to get to New York and stay at this lovely-looking place, but alas! my flight got canceled due to weather and I never made it. But: Yoki provided very detailed information about how to get there, and when my plans fell apart she was extremely understanding and helpful. I hope to reschedule my trip, and will definitely try to stay here when that happens.", "reviewer_name": "Rebecca", "listing_longitude": "-73.94839340169014", "host_name": "Yoki", "listing_name": "Family Owned & Operated Brownstone", "date": "2016-01-01", "host_id": "6294856", "id_field": "58181960", "listing_latitude": "40.680181359197405"}