{"listing_id": "3771656", "reviewer_id": "1244879", "text": "The apartment was in a great location, with lots of great bars and restaurants nearby. Although we didn't actually meet Eugene, he was incredibly flexible with check-in times and arranged for keys to be available when we arrived at 2:00am. \n\nThe only negative aspect of our stay is that the room we rented did not have a wall that reached the ceiling (it was about 2 feet short) and didn't really have a door. As there were other guests in the other room and the bed was set up as a loft bed which overlooked the lounge, we really didn't have a lot of privacy. This is something we would have liked to know about up front. ", "reviewer_name": "Hillary", "listing_longitude": "-73.95457505681182", "host_name": "Yevgeny", "listing_name": "Amazing Upper East Side Location", "date": "2015-06-16", "host_id": "19331457", "id_field": "35204185", "listing_latitude": "40.77632479255753"}