{"listing_id": "2977232", "reviewer_id": "30998541", "text": "I had a comfortable stay in Alessandra's home. The apartment was cozy and comfortable, and very near the Center Park. I have a good travel in NYC. Thanks for Alessandra's help! I would certainly recommend this place.", "reviewer_name": "\u519b\u6d9b", "listing_longitude": "-73.94482017016313", "host_name": "Alesandra", "listing_name": "Low Winter Price by Central Park!", "date": "2015-10-10", "host_id": "15185319", "id_field": "50190361", "listing_latitude": "40.79285153420157"}