{"listing_id": "651475", "reviewer_id": "5367847", "text": "Our days in casper house was perfect. The apartment is  very comfortable and clean. The ubication is also perfect, is really easy moved and in few minutes you can stay in all points of manhattan.", "reviewer_name": "Maria Noel", "listing_longitude": "-73.98399747864235", "host_name": "Casper", "listing_name": "Comfortable, clean & quiet in EV", "date": "2013-08-07", "host_id": "468752", "id_field": "6298600", "listing_latitude": "40.73337254895669"}