{"listing_id": "693479", "reviewer_id": "3236617", "text": "Alejandro is a great host. He is very kind and friendly. His apartment is very well located; just a few blocks from Empire State Building. The metro is very close also and the bus stop is one block away from the place.\r\n\r\nI recomend Alejandro as a host. I really enjoyed it,", "reviewer_name": "Dario", "listing_longitude": "-73.97544682731017", "host_name": "Alejandro", "listing_name": "Inexpensive private room in Midtown", "date": "2012-12-18", "host_id": "3547349", "id_field": "3116111", "listing_latitude": "40.74149171363009"}