{"listing_id": "6104637", "reviewer_id": "35281207", "text": "The listing description was very accurate! Achilles was welcoming, honest, and very much on top of his communication. It was never more than a few minute before he got back to me if I had a question. The room was very spacious, clean, and organized. Exactly as the photos look! \r\nThis was my first 'airbnb' stay and also my first time in the city, and taking those two factors in account, I could not have asked for a better place to stay! Highly recommended! ", "reviewer_name": "Ezra", "listing_longitude": "-73.91081184967771", "host_name": "Achilles", "listing_name": "Just 15 Minutes to Midtown !!", "date": "2015-06-22", "host_id": "10606396", "id_field": "35858450", "listing_latitude": "40.77673184578338"}