{"listing_id": "506306", "reviewer_id": "18803673", "text": "We had a very nice time at Paul's place! He was very kind to us and everything was clean in the appartment. The room is exactly like what you see in the pictures and the space is fine for a couple or somebody travelling alone. Nigel, Paul's dog, is very nice and gentle even though he barks when you come home. There are plenty of different metro lines around too, so it gets easy to go wherever you wanna go to manhattan. We loved it!", "reviewer_name": "\u00c9li", "listing_longitude": "-73.98937115554887", "host_name": "Paul", "listing_name": "Spacious room in cozy Boerum Hill", "date": "2014-10-19", "host_id": "2495797", "id_field": "21519024", "listing_latitude": "40.686986552490545"}