{"listing_id": "6104637", "reviewer_id": "23115608", "text": "Achilles is a very pleasant host! I did not see him that much, but when I did he made me feel welcome. The apartment and the room itself was nice and clean. I enjoyed my stay and would definitely recommend this place. Thank you!", "reviewer_name": "Katja", "listing_longitude": "-73.91081184967771", "host_name": "Achilles", "listing_name": "Just 15 Minutes to Midtown !!", "date": "2015-06-08", "host_id": "10606396", "id_field": "34435380", "listing_latitude": "40.77673184578338"}