{"listing_id": "559118", "reviewer_id": "9394907", "text": "Robert is a perfect host, really nice and discreet, it was a pleasure to share the apartment with him and Blazer! He let us use the kitchen everytime we needed, he gave us useful advices about the city.\nHis apartment is very well located  in an area full of nice places to eat and near the bus station and the subway.\nTruly recommended! ", "reviewer_name": "Martina", "listing_longitude": "-73.99350243299212", "host_name": "Robert", "listing_name": "Times Square Quiet and Beautiful", "date": "2014-11-16", "host_id": "2743623", "id_field": "22833485", "listing_latitude": "40.76000286884051"}